insert into users (username,userpass, name, description, email) values ('ferran.diaz',MD5('1234'), 'Ferran', 'I am batman', 'ferran.diaz@netsound.sound');
insert into user_roles values('ferran.diaz', 'registered');
insert into users (username,userpass, name, description, email) values ('alejandro.jimenez',MD5('1234'), 'Alejandro', 'Cuddly bear', 'alejandro.jimenez@netsound.sound');
insert into user_roles values('alejandro.jimenez', 'registered');
insert into users (username,userpass, name, description, email) values ('ernest.espinola',MD5('1234'), 'Ernest', 'Computer not working', 'ernest.espinola@netsound.sound');
insert into user_roles values('ernest.espinola', 'registered');
insert into  Follow values('ferran.diaz','alejandro.jimenez');
insert into  Follow values('ferran.diaz','ernest.espinola');
insert into  Follow values('ernest.espinola','ferran.diaz');
insert into Follow values('ernest.espinola', 'alejandro.jimenez');
insert into Stings (username, content) values ('ferran.diaz', 'Mensaje1');
insert into Stings (username, content) values ('ferran.diaz', 'Mensaje2');
insert into Stings (username, content) values ('ferran.diaz', 'Mensaje3');
insert into Stings (username, content) values ('alejandro.jimenez', 'Sting1');
insert into Stings (username, content) values ('alejandro.jimenez', 'Sting2');
insert into Stings (username, content) values ('ernest.espinola', 'Corred insensatos');
insert into Stings (username, content) values ('ernest.espinola', 'May the force be with you');
